{"R": 124.99591798745726, "G": 116.0927080293584, "B": 106.28339680701669}